{
  "states": 854,
  "top1": 0.19437939110070257,
  "top3": 0.36885245901639346,
  "top5": 0.49765807962529274,
  "top10": 0.689695550351288,
  "mean_rank": 11.031615925058547,
  "mrr": 0.33881606976606676
}