{
  "states": 910,
  "top1": 0.13626373626373625,
  "top3": 0.2802197802197802,
  "top5": 0.378021978021978,
  "top10": 0.5593406593406594,
  "mean_rank": 17.18901098901099,
  "mrr": 0.26425176536841694
}