{
  "states": 910,
  "top1": 0.12527472527472527,
  "top3": 0.27912087912087913,
  "top5": 0.35934065934065934,
  "top10": 0.5164835164835165,
  "mean_rank": 18.22967032967033,
  "mrr": 0.2518637344569045
}