{
  "states": 854,
  "top1": 0.12997658079625293,
  "top3": 0.31381733021077285,
  "top5": 0.39695550351288056,
  "top10": 0.5398126463700235,
  "mean_rank": 18.415690866510538,
  "mrr": 0.2658831782096362
}