{
  "states": 854,
  "top1": 0.14637002341920374,
  "top3": 0.3372365339578454,
  "top5": 0.468384074941452,
  "top10": 0.6440281030444965,
  "mean_rank": 11.573770491803279,
  "mrr": 0.3011242312190979
}