{
  "states": 854,
  "top1": 0.1557377049180328,
  "top3": 0.3149882903981265,
  "top5": 0.4133489461358314,
  "top10": 0.572599531615925,
  "mean_rank": 18.22599531615925,
  "mrr": 0.2853099937386363
}