{
  "states": 910,
  "top1": 0.17802197802197803,
  "top3": 0.34285714285714286,
  "top5": 0.4582417582417582,
  "top10": 0.6725274725274726,
  "mean_rank": 11.305494505494506,
  "mrr": 0.3220769082895518
}