{
  "states": 910,
  "top1": 0.19230769230769232,
  "top3": 0.4,
  "top5": 0.5296703296703297,
  "top10": 0.7274725274725274,
  "mean_rank": 9.454945054945055,
  "mrr": 0.3548215346180645
}