{
  "states": 910,
  "top1": 0.12087912087912088,
  "top3": 0.24285714285714285,
  "top5": 0.3505494505494505,
  "top10": 0.554945054945055,
  "mean_rank": 16.44065934065934,
  "mrr": 0.24318385130474954
}