action,dataset,states,top1,top3,top5,top10,mean_rank,mrr
pick,base,610,0.08360655737704918,0.23278688524590163,0.31311475409836065,0.4737704918032787,20.618032786885244,0.20806220996988767
pick,interactions,610,0.09508196721311475,0.23278688524590163,0.35081967213114756,0.5114754098360655,19.721311475409838,0.22089495370368464
pick,players,610,0.12950819672131147,0.30327868852459017,0.4311475409836066,0.6032786885245902,14.072131147540984,0.2750419144045394
pick,players_smooth,610,0.10819672131147541,0.2721311475409836,0.4,0.5950819672131148,14.88688524590164,0.25030636604334366
ban,base,854,0.12997658079625293,0.31381733021077285,0.39695550351288056,0.5398126463700235,18.415690866510538,0.2658831782096362
ban,interactions,854,0.1557377049180328,0.3149882903981265,0.4133489461358314,0.572599531615925,18.22599531615925,0.2853099937386363
ban,players,854,0.19437939110070257,0.36885245901639346,0.49765807962529274,0.689695550351288,11.031615925058547,0.33881606976606676
ban,players_smooth,854,0.14637002341920374,0.3372365339578454,0.468384074941452,0.6440281030444965,11.573770491803279,0.3011242312190979
