{
  "states": 610,
  "top1": 0.10819672131147541,
  "top3": 0.2721311475409836,
  "top5": 0.4,
  "top10": 0.5950819672131148,
  "mean_rank": 14.88688524590164,
  "mrr": 0.25030636604334366
}