{
  "states": 610,
  "top1": 0.09508196721311475,
  "top3": 0.23278688524590163,
  "top5": 0.35081967213114756,
  "top10": 0.5114754098360655,
  "mean_rank": 19.721311475409838,
  "mrr": 0.22089495370368464
}