{
  "states": 650,
  "top1": 0.11692307692307692,
  "top3": 0.29384615384615387,
  "top5": 0.40307692307692305,
  "top10": 0.56,
  "mean_rank": 15.872307692307693,
  "mrr": 0.2585029971326429
}