{
  "states": 610,
  "top1": 0.12950819672131147,
  "top3": 0.30327868852459017,
  "top5": 0.4311475409836066,
  "top10": 0.6032786885245902,
  "mean_rank": 14.072131147540984,
  "mrr": 0.2750419144045394
}