{
  "states": 650,
  "top1": 0.13076923076923078,
  "top3": 0.3153846153846154,
  "top5": 0.42615384615384616,
  "top10": 0.6092307692307692,
  "mean_rank": 15.087692307692308,
  "mrr": 0.2771149622245713
}