{
  "states": 610,
  "top1": 0.08360655737704918,
  "top3": 0.23278688524590163,
  "top5": 0.31311475409836065,
  "top10": 0.4737704918032787,
  "mean_rank": 20.618032786885244,
  "mrr": 0.20806220996988767
}