{
  "states": 650,
  "top1": 0.08,
  "top3": 0.21076923076923076,
  "top5": 0.3153846153846154,
  "top10": 0.4676923076923077,
  "mean_rank": 21.026153846153846,
  "mrr": 0.20159052560315593
}