{
  "states": 650,
  "top1": 0.16307692307692306,
  "top3": 0.3723076923076923,
  "top5": 0.48615384615384616,
  "top10": 0.6615384615384615,
  "mean_rank": 12.466153846153846,
  "mrr": 0.31329017585659386
}