{
  "states": 650,
  "top1": 0.09692307692307692,
  "top3": 0.25384615384615383,
  "top5": 0.36153846153846153,
  "top10": 0.5015384615384615,
  "mean_rank": 19.567692307692308,
  "mrr": 0.22772118952125092
}